# InteliGen 200 192.168.0.254 Unit 1 - foto de registros (SOLO LECTURA, funcion 03) 2026-10-08T12:32:40 - generador EN MARCHA
registro_4xxxx;base0;valor_uint16;valor_int16
41001;1000;1735;1735
41002;1001;0;0
41003;1002;1;1
41004;1003;32768;-32768
41005;1004;32768;-32768
41006;1005;32768;-32768
41007;1006;32768;-32768
41008;1007;32768;-32768
41009;1008;32768;-32768
41010;1009;32768;-32768
41011;1010;32768;-32768
41012;1011;32768;-32768
41015;1014;0;0
41016;1015;0;0
41017;1016;0;0
41018;1017;700;700
41019;1018;1872;1872
41020;1019;0;0
41021;1020;0;0
41022;1021;0;0
41023;1022;0;0
41024;1023;0;0
41025;1024;0;0
41026;1025;0;0
41027;1026;0;0
41028;1027;0;0
41029;1028;0;0
41030;1029;0;0
41031;1030;0;0
41032;1031;0;0
41033;1032;0;0
41034;1033;0;0
41035;1034;0;0
41036;1035;579;579
41037;1036;266;266
41038;1037;266;266
41039;1038;266;266
41040;1039;461;461
41041;1040;461;461
41042;1041;460;460
41043;1042;0;0
41044;1043;0;0
41045;1044;0;0
41046;1045;65320;-216
41047;1046;590;590
41048;1047;600;600
41049;1048;260;260
41050;1049;259;259
41051;1050;260;260
41052;1051;450;450
41053;1052;449;449
41054;1053;450;450
41055;1054;1033;1033
41056;1055;777;777
41057;1056;207;207
41058;1057;97;97
41059;1058;1;1
41076;1075;0;0
41077;1076;0;0
41078;1077;4000;4000
41079;1078;700;700
41080;1079;1872;1872
41081;1080;0;0
41082;1081;65485;-51
41083;1082;497;497
41084;1083;271;271
41085;1084;0;0
41086;1085;67;67
41087;1086;47;47
41088;1087;32768;-32768
41089;1088;32768;-32768
41090;1089;330;330
41091;1090;1;1
41092;1091;130;130
41093;1092;0;0
41094;1093;100;100
41095;1094;255;255
41104;1103;29;29
41145;1144;32768;-32768
41146;1145;0;0
41149;1148;0;0
41150;1149;100;100
41151;1150;255;255
41160;1159;0;0
41169;1168;0;0
41226;1225;3;3
41227;1226;0;0
41228;1227;1000;1000
41229;1228;266;266
41230;1229;1567;1567
41241;1240;708;708
41242;1241;10000;10000
41243;1242;10000;10000
41244;1243;10000;10000
41255;1254;32768;-32768
41256;1255;32768;-32768
41257;1256;32768;-32768
41258;1257;0;0
41259;1258;7;7
41260;1259;3;3
41261;1260;0;0
41262;1261;3;3
41263;1262;8;8
41264;1263;0;0
41265;1264;0;0
41290;1289;2;2
41291;1290;1;1
41294;1293;1;1
41295;1294;0;0
41296;1295;0;0
41297;1296;0;0
41298;1297;34724;-30812
41299;1298;12744;12744
41300;1299;4352;4352
41301;1300;64;64
41302;1301;64;64
41303;1302;300;300
41304;1303;148;148
41305;1304;0;0
41306;1305;0;0
41307;1306;0;0
41308;1307;512;512
41309;1308;0;0
41310;1309;0;0
41311;1310;0;0
41312;1311;0;0
41313;1312;0;0
41314;1313;0;0
41315;1314;0;0
41316;1315;0;0
41317;1316;0;0
41318;1317;0;0
41319;1318;0;0
41320;1319;0;0
41321;1320;0;0
41322;1321;0;0
41323;1322;0;0
41324;1323;0;0
41325;1324;0;0
41326;1325;0;0
41327;1326;0;0
41328;1327;0;0
41329;1328;0;0
41330;1329;0;0
41331;1330;0;0
41332;1331;0;0
41333;1332;0;0
41334;1333;0;0
41335;1334;0;0
41336;1335;0;0
41337;1336;0;0
41338;1337;0;0
41339;1338;0;0
41340;1339;0;0
41341;1340;0;0
41342;1341;0;0
41343;1342;0;0
41344;1343;1;1
41345;1344;0;0
41346;1345;0;0
41347;1346;0;0
41348;1347;0;0
41349;1348;0;0
41350;1349;0;0
41351;1350;0;0
41352;1351;32768;-32768
41353;1352;32768;-32768
41354;1353;32768;-32768
41355;1354;32768;-32768
41356;1355;32768;-32768
41357;1356;32768;-32768
41358;1357;32768;-32768
41359;1358;32768;-32768
41360;1359;32768;-32768
41361;1360;32768;-32768
41362;1361;32768;-32768
41363;1362;32768;-32768
41364;1363;32768;-32768
41365;1364;32768;-32768
41366;1365;32768;-32768
41367;1366;32768;-32768
41368;1367;32768;-32768
41369;1368;32768;-32768
41370;1369;32768;-32768
41371;1370;32768;-32768
41372;1371;32768;-32768
41373;1372;32768;-32768
41374;1373;32768;-32768
41375;1374;32768;-32768
41376;1375;32768;-32768
41377;1376;32768;-32768
41378;1377;32768;-32768
41379;1378;32768;-32768
41380;1379;32768;-32768
41381;1380;32768;-32768
41382;1381;32768;-32768
41383;1382;32768;-32768
41384;1383;0;0
41385;1384;0;0
41386;1385;0;0
41387;1386;0;0
41388;1387;0;0
41389;1388;0;0
41390;1389;0;0
41391;1390;0;0
43001;3000;0;0
43002;3001;0;0
43003;3002;0;0
43004;3003;0;0
43005;3004;0;0
43006;3005;600;600
43007;3006;95;95
43008;3007;0;0
43009;3008;100;100
43010;3009;0;0
43011;3010;1000;1000
43012;3011;100;100
43013;3012;0;0
43014;3013;0;0
43015;3014;1;1
43016;3015;0;0
43017;3016;1000;1000
43018;3017;900;900
43019;3018;600;600
43028;3027;1000;1000
43029;3028;200;200
43030;3029;1567;1567
43031;3030;2000;2000
43032;3031;2000;2000
43033;3032;500;500
43034;3033;0;0
43035;3034;266;266
43036;3035;460;460
43037;3036;10;10
43038;3037;10;10
43039;3038;60;60
43040;3039;0;0
43041;3040;1800;1800
43042;3041;1;1
43043;3042;0;0
43044;3043;0;0
43045;3044;5;5
43046;3045;10;10
43047;3046;0;0
43048;3047;1;1
43049;3048;1;1
43050;3049;3;3
43051;3050;0;0
43052;3051;0;0
43053;3052;0;0
43054;3053;3;3
43055;3054;5;5
43056;3055;8;8
43057;3056;2;2
43058;3057;25;25
43059;3058;45;45
43060;3059;2;2
43061;3060;0;0
43062;3061;900;900
43063;3062;5;5
43064;3063;20;20
43065;3064;2;2
43066;3065;10;10
43067;3066;50;50
43068;3067;5;5
43069;3068;1;1
43070;3069;180;180
43071;3070;75;75
43072;3071;60;60
43073;3072;100;100
43074;3073;50;50
43075;3074;115;115
43076;3075;115;115
43077;3076;5;5
43078;3077;0;0
43079;3078;35;35
43080;3079;10;10
43081;3080;3;3
43082;3081;200;200
43083;3082;100;100
43084;3083;3;3
43085;3084;90;90
43086;3085;95;95
43087;3086;5;5
43088;3087;30;30
43089;3088;90;90
43090;3089;5;5
43091;3090;80;80
43092;3091;90;90
43093;3092;3;3
43094;3093;80;80
43095;3094;90;90
43096;3095;3;3
43097;3096;90;90
43098;3097;75;75
43099;3098;5;5
43100;3099;5;5
43101;3100;20;20
43102;3101;10;10
43103;3102;10;10
43104;3103;20;20
43105;3104;10;10
43106;3105;10;10
43107;3106;200;200
43108;3107;0;0
43109;3108;5;5
43110;3109;20;20
43111;3110;90;90
43112;3111;0;0
43113;3112;200;200
43114;3113;300;300
43115;3114;5;5
43116;3115;5;5
43117;3116;120;120
43118;3117;110;110
43119;3118;50;50
43120;3119;5;5
43121;3120;250;250
43122;3121;40;40
43123;3122;40;40
43124;3123;50;50
43125;3124;50;50
43126;3125;10;10
43127;3126;50;50
43128;3127;30;30
43129;3128;50;50
43130;3129;110;110
43131;3130;110;110
43132;3131;92;92
43133;3132;90;90
43134;3133;30;30
43135;3134;10;10
43136;3135;30;30
43137;3136;1060;1060
43138;3137;1040;1040
43139;3138;960;960
43140;3139;940;940
43141;3140;30;30
43142;3141;0;0
43143;3142;0;0
43144;3143;0;0
43145;3144;0;0
43146;3145;0;0
43147;3146;0;0
43148;3147;0;0
43149;3148;1;1
43150;3149;0;0
43151;3150;0;0
43152;3151;15;15
43153;3152;60;60
43154;3153;10;10
43155;3154;1;1
43156;3155;110;110
43157;3156;90;90
43158;3157;20;20
43159;3158;10;10
43160;3159;20;20
43161;3160;1020;1020
43162;3161;980;980
43163;3162;5;5
43164;3163;1;1
43165;3164;1;1
43166;3165;1;1
43167;3166;1;1
43168;3167;10;10
43169;3168;1;1
43170;3169;5;5
43171;3170;13;13
43172;3171;0;0
43173;3172;0;0
43174;3173;80;80
43175;3174;100;100
43176;3175;20;20
43177;3176;10;10
43178;3177;0;0
43179;3178;1;1
43180;3179;0;0
43181;3180;0;0
43182;3181;1;1
43183;3182;0;0
43184;3183;5;5
43185;3184;30;30
43186;3185;60;60
43187;3186;110;110
43188;3187;60;60
43189;3188;80;80
43190;3189;410;410
43191;3190;460;460
43192;3191;60;60
43193;3192;80;80
43194;3193;210;210
43195;3194;5;5
43196;3195;20;20
43197;3196;60;60
43198;3197;1;1
43199;3198;80;80
43200;3199;1;1
43203;3202;100;100
43204;3203;10;10
43205;3204;10;10
43206;3205;1;1
43207;3206;1;1
43208;3207;1;1
43209;3208;0;0
43210;3209;400;400
43211;3210;300;300
43212;3211;600;600
43213;3212;500;500
43214;3213;100;100
43215;3214;0;0
43216;3215;80;80
43217;3216;100;100
43218;3217;200;200
43219;3218;70;70
43220;3219;100;100
43221;3220;50;50
43222;3221;300;300
43223;3222;10;10
43224;3223;3;3
43225;3224;3;3
43226;3225;10;10
43227;3226;10;10
43228;3227;30;30
43229;3228;0;0
43230;3229;65442;-94
43231;3230;65336;-200
43232;3231;200;200
43233;3232;100;100
43234;3233;300;300
43235;3234;100;100
43236;3235;300;300
43237;3236;100;100
43238;3237;100;100
43239;3238;50;50
43240;3239;0;0
43241;3240;360;360
43242;3241;30;30
43243;3242;5;5
43244;3243;5;5
43245;3244;65511;-25
43246;3245;15;15
43247;3246;80;80
43248;3247;80;80
43249;3248;0;0
43250;3249;0;0
43251;3250;40;40
43252;3251;100;100
43253;3252;40;40
43254;3253;100;100
43255;3254;1;1
43256;3255;100;100
43257;3256;100;100
43258;3257;60;60
43259;3258;0;0
43260;3259;1;1
43261;3260;0;0
43262;3261;0;0
43263;3262;0;0
43264;3263;24;24
43269;3268;0;0
43270;3269;0;0
43271;3270;0;0
43272;3271;0;0
43273;3272;0;0
43274;3273;0;0
43275;3274;0;0
43276;3275;1;1
43277;3276;1;1
43278;3277;0;0
43279;3278;3;3
43280;3279;0;0
43281;3280;0;0
43282;3281;3;3
43283;3282;0;0
43316;3315;0;0
43373;3372;7;7
43374;3373;1;1
43375;3374;1;1
43376;3375;1;1
43377;3376;1;1
43378;3377;1;1
43379;3378;1;1
43380;3379;3;3
43437;3436;0;0
43438;3437;1;1
43439;3438;0;0
43440;3439;2;2
43505;3504;1;1
43522;3521;23;23
43523;3522;1;1
43524;3523;1;1
43525;3524;10;10
43526;3525;1;1
43527;3526;500;500
43528;3527;30;30
43531;3530;1;1
43532;3531;0;0
43533;3532;0;0
43534;3533;0;0
43535;3534;0;0
43536;3535;0;0
43537;3536;0;0
43538;3537;0;0
43539;3538;0;0
43540;3539;0;0
43541;3540;0;0
43542;3541;0;0
43543;3542;0;0
43544;3543;0;0
43545;3544;0;0
43546;3545;0;0
43547;3546;0;0
43548;3547;0;0
43549;3548;0;0
43550;3549;0;0
43551;3550;0;0
43552;3551;0;0
43553;3552;0;0
43554;3553;0;0
43555;3554;0;0
43556;3555;0;0
43557;3556;0;0
43558;3557;0;0
43559;3558;0;0
43560;3559;0;0
43561;3560;0;0
43562;3561;0;0
43563;3562;0;0
43564;3563;0;0
43565;3564;0;0
43566;3565;0;0
43567;3566;0;0
43568;3567;0;0
43569;3568;0;0
43570;3569;0;0
43571;3570;0;0
43572;3571;0;0
43573;3572;0;0
43574;3573;0;0
43575;3574;0;0
43576;3575;0;0
43577;3576;0;0
43578;3577;0;0
43579;3578;0;0
43580;3579;0;0
43581;3580;0;0
43582;3581;0;0
43583;3582;0;0
43584;3583;0;0
43585;3584;0;0
43586;3585;0;0
43587;3586;0;0
43588;3587;0;0
43589;3588;0;0
43590;3589;0;0
43591;3590;0;0
43592;3591;0;0
43593;3592;0;0
43594;3593;0;0
43595;3594;0;0
43596;3595;0;0
43597;3596;0;0
43598;3597;0;0
43599;3598;0;0
43600;3599;0;0
43601;3600;0;0
43602;3601;0;0
43603;3602;0;0
43604;3603;0;0
43605;3604;0;0
43606;3605;0;0
43607;3606;0;0
43608;3607;0;0
43609;3608;0;0
43610;3609;0;0
43611;3610;0;0
43612;3611;0;0
43613;3612;0;0
43614;3613;0;0
43615;3614;0;0
43616;3615;0;0
43617;3616;0;0
43618;3617;0;0
43619;3618;0;0
43620;3619;0;0
43621;3620;0;0
43622;3621;0;0
43623;3622;0;0
43624;3623;0;0
43625;3624;0;0
43626;3625;0;0
43627;3626;0;0
43628;3627;0;0
43629;3628;0;0
43630;3629;0;0
43631;3630;0;0
43632;3631;0;0
43633;3632;0;0
43634;3633;0;0
43635;3634;0;0
43636;3635;1000;1000
43637;3636;200;200
43638;3637;1800;1800
43639;3638;60;60
43640;3639;266;266
43641;3640;460;460
43642;3641;1567;1567
43643;3642;0;0
43644;3643;200;200
43645;3644;200;200
43646;3645;1500;1500
43647;3646;50;50
43648;3647;231;231
43649;3648;400;400
43650;3649;350;350
43651;3650;0;0
43652;3651;200;200
43653;3652;200;200
43654;3653;1500;1500
43655;3654;50;50
43656;3655;231;231
43657;3656;400;400
43658;3657;350;350
43659;3658;0;0
43660;3659;0;0
43661;3660;0;0
43662;3661;0;0
43663;3662;0;0
43664;3663;0;0
43665;3664;0;0
43666;3665;0;0
43667;3666;0;0
43668;3667;0;0
43669;3668;0;0
43670;3669;0;0
43671;3670;0;0
43672;3671;0;0
43673;3672;0;0
43674;3673;0;0
43675;3674;0;0
43676;3675;0;0
43677;3676;0;0
43678;3677;0;0
43679;3678;0;0
43680;3679;0;0
43681;3680;0;0
43682;3681;0;0
43683;3682;0;0
43684;3683;0;0
43685;3684;0;0
43686;3685;0;0
43687;3686;0;0
43688;3687;0;0
43689;3688;0;0
43690;3689;0;0
43691;3690;0;0
43692;3691;0;0
43693;3692;0;0
43694;3693;0;0
43695;3694;0;0
43696;3695;0;0
43697;3696;0;0
43698;3697;0;0
43699;3698;0;0
43700;3699;0;0
43701;3700;0;0
43702;3701;0;0
43703;3702;0;0
43704;3703;0;0
43705;3704;0;0
43706;3705;0;0
43707;3706;0;0
43708;3707;0;0
43709;3708;0;0
43710;3709;0;0
43711;3710;0;0
43712;3711;0;0
43713;3712;0;0
43714;3713;0;0
43715;3714;0;0
43716;3715;0;0
43717;3716;0;0
43718;3717;0;0
43719;3718;0;0
43720;3719;0;0
43721;3720;0;0
43722;3721;0;0
43723;3722;0;0
44205;4204;0;0
44215;4214;1;1
